<!-- ------------------------------------------------------------------- -->
<!--                                                                     -->
<!--  groups.xml          Utils documentation                            -->
<!--                                                                     -->
<!--  Copyright (C) 2015-2016, The GAP Group                             --> 
<!--                                                                     -->
<!-- ------------------------------------------------------------------- -->

<?xml version="1.0" encoding="UTF-8"?>

<Chapter Label="chap-groups">
<Heading>Groups and homomorphisms</Heading>



<Section Label="sec-groups">
<Heading>Functions for groups</Heading>


<ManSection>
   <Oper Name="Comm"
         Arg="L" />
<Description>
This method is in the process of being transferred from package &ResClasses;: 
for now you should &LoadResClasses; in order to use it. 
It provides a method for <C>Comm</C> when the argument is a list 
(enclosed in square brackets), and calls the function <C>LeftNormedComm</C>. 
<P/>
</Description>
</ManSection>
<Example>
<![CDATA[
gap> Comm( [ (1,2), (2,3) ] );
(1,2,3)
]]>
</Example>

<ManSection>
   <Oper Name="IsCommuting"
         Arg="a b" />
<Description>
This function is in the process of being transferred from package &ResClasses;: 
for now you should &LoadResClasses; in order to use it. 
It tests whether two elements in a group commute. 
<P/>
</Description>
</ManSection>
<Example>
<![CDATA[
gap> D12 := DihedralGroup( 12 );  SetName( D12, "D12" ); 
<pc group of size 12 with 3 generators>
gap> a := D12.1;;  b := D12.2;;  
gap> IsCommuting( a, b );
false
]]>
</Example>

<ManSection>
   <Oper Name="ListOfPowers"
         Arg="g exp" />
<Description>
This function is in the process of being transferred from package &RCWA;: 
for now you should &LoadRCWA; in order to use it. 
<P/>
The operation <C>ListOfPowers(g,exp)</C> returns the list 
<M>[g,g^2,...,g^{exp}]</M> of powers of the element <M>g</M>.
<P/>
</Description>
</ManSection>
<Example>
<![CDATA[
gap> ListOfPowers( D12.2, 6 );
[ f2, f3, f2*f3, f3^2, f2*f3^2, <identity> of ... ]
]]>
</Example>

<ManSection>
   <Oper Name="GeneratorsAndInverses"
         Arg="G" />
<Description>
This function is in the process of being transferred from package &RCWA;: 
for now you should &LoadRCWA; in order to use it. 
<P/>
This operation returns a list containing the generators of <M>G</M> 
followed by the inverses of these generators.  
<P/>
</Description>
</ManSection>
<Example>
<![CDATA[
gap> GeneratorsAndInverses( D12 );
[ f1, f2, f3, f1, f2*f3^2, f3^2 ]
]]>
</Example>


<ManSection>
   <Attr Name="UpperFittingSeries"
         Arg="G" />
   <Attr Name="LowerFittingSeries"
         Arg="G" />
   <Attr Name="FittingLength"
         Arg="G" />
<Description>
These three functions are in the process of being transferred from package 
&ResClasses;: for now you should &LoadResClasses; in order to use them. 
<P/>
The upper and lower Fitting series and the Fitting length of a solvable
group are described here: 
<URL>https://en.wikipedia.org/wiki/Fitting_length</URL>. 
<P/>
</Description>
</ManSection>
<Example>
<![CDATA[
gap> UpperFittingSeries( D12 );
[ Group([  ]), Group([ f3, f2*f3 ]), Group([ f3, f2*f3, f1 ]) ]
gap> LowerFittingSeries( D12 );
[ D12, Group([ f3 ]), Group([  ]) ]
gap> FittingLength( D12 );
2
]]>
</Example>

</Section>



<Section Label="sec-homomorphisms">
<Heading>Functions for group homomorphisms</Heading>

<ManSection>
   <Attr Name="EpimorphismByGenerators"
         Arg="G H" />
<Description>
This function is in the process of being transferred from package &RCWA;: 
for now you should &LoadRCWA; in order to use it. 
It maps the generators of <M>G</M> to those of <M>H</M>. 
It is not checked that this map is a group homomorphism! 
<P/>
</Description>
</ManSection>
<Example>
<![CDATA[
gap> G := Group((1,2,3,4),(3,4));;
gap> H := Group((6,7),(7,8));;    
gap> e1 := EpimorphismByGenerators(G,H);
[ (1,2,3,4), (3,4) ] -> [ (6,7), (7,8) ]
gap> ## note that this is just an abbreviation for: 
gap> e2 := GroupHomomorphismByImages( G, H, 
>              GeneratorsOfGroup(G), GeneratorsOfGroup(H) );;
gap> e1 = e2; 
true
gap> ## but the following is nonsense: 
gap> e0 := EpimorphismByGenerators( Group((1,2,3)), Group((8,9)) );
[ (1,2,3) ] -> [ (8,9) ]
gap> IsGroupHomomorphism(e0);
true
]]>
</Example>

</Section>




</Chapter>
