<?xml version="1.0" encoding="UTF-8"?>

<!-- This is an automatically generated file. -->
<!DOCTYPE Book SYSTEM "gapdoc.dtd"
[
<!ENTITY see '<Alt Only="LaTeX">$	o$</Alt><Alt Not="LaTeX">--&gt;</Alt>'>
<!ENTITY Utils '<Package>Utils</Package>'>
<!ENTITY Home '<Package>Home</Package>'>
<!ENTITY AutoDoc '<Package>AutoDoc</Package>'>
<!ENTITY ResClasses '<Package>ResClasses</Package>'>
<!ENTITY LoadResClasses '<C>LoadPackage("resclasses")</C>'>
<!ENTITY RCWA '<Package>RCWA</Package>'>
<!ENTITY LoadRCWA '<C>LoadPackage("rcwa")</C>'>
<!ENTITY XMod '<Package>XMod</Package>'>
<!ENTITY LoadXMod '<C>LoadPackage("xmod")</C>'>
]
>
<Book Name="Utils">
<#Include SYSTEM "title.xml">

<TableOfContents/>

<Body>
<Index>&Utils;</Index>
<#Include SYSTEM "intro.xml">
<#Include SYSTEM "lists.xml">
<#Include SYSTEM "number.xml">
<#Include SYSTEM "groups.xml">
<#Include SYSTEM "record.xml">
<#Include SYSTEM "others.xml">
</Body>

<Bibliography Databases="manual"/>

<TheIndex/>

</Book>
